"Path","Platform","Compiled","Cooked","Permutations","Compiletime","CompiledDouble","CookedDouble"
"/ControlRig/Controls/ControlRigGizmoMaterial.ControlRigGizmoMaterial","0","0","4","1","0.000000","0","0"
"/Engine/EngineDebugMaterials/DebugEditorMaterial.DebugEditorMaterial","0","0","6","1","0.000000","0","0"
"/Game/LevelPrototyping/Materials/M_Solid.M_Solid","0","0","28","1","0.000000","0","0"
"/Engine/EngineMaterials/GizmoMaterial.GizmoMaterial","0","0","6","1","0.000000","0","0"
"/Engine/EngineDebugMaterials/DebugMeshMaterial.DebugMeshMaterial","0","0","9","1","0.000000","0","0"
"/Engine/EngineMaterials/RemoveSurfaceMaterial.RemoveSurfaceMaterial","0","0","4","1","0.000000","0","0"
"/HairStrands/Materials/HairMeshesDefaultMaterial.HairMeshesDefaultMaterial","0","0","63","1","0.000000","0","0"
"/HairStrands/Materials/HairCardsDefaultMaterial.HairCardsDefaultMaterial","0","0","104","1","0.000000","0","0"
"/HairStrands/Materials/HairDefaultMaterial.HairDefaultMaterial","0","0","63","1","0.000000","0","0"
"/Engine/EngineDebugMaterials/M_SimpleUnlitTranslucent.M_SimpleUnlitTranslucent","0","0","9","1","0.000000","0","0"
"/Engine/EditorMaterials/Camera/CineMat.CineMat","0","0","28","1","0.000000","0","0"
"/Engine/VREditor/TransformGizmo/Xray.Xray","0","0","14","1","0.000000","0","0"
"/Engine/VREditor/TransformGizmo/Main.Main","0","0","9","1","0.000000","0","0"
"/Engine/VREditor/TransformGizmo/TranslucentTransformGizmoMaterial.TranslucentTransformGizmoMaterial","0","0","9","1","0.000000","0","0"
"/Engine/EngineMaterials/DefaultLightFunctionMaterial.DefaultLightFunctionMaterial","0","0","43","1","0.000000","0","0"
"/Game/StarterContent/Props/Materials/M_MaterialSphere_Plain.M_MaterialSphere_Plain","0","0","14","1","0.000000","0","0"
"/Game/StarterContent/Props/Materials/M_MaterialSphere.M_MaterialSphere","0","0","14","1","0.000000","0","0"
"/Game/StarterContent/Particles/Materials/m_flare_01.m_flare_01","0","0","36","1","0.000000","0","0"
"/Game/StarterContent/Materials/M_Glass.M_Glass","0","0","37","1","0.000000","0","0"
"/Game/StarterContent/Materials/M_Basic_Wall.M_Basic_Wall","0","0","23","1","0.000000","0","0"
"/Game/StarterContent/Materials/M_Basic_Floor.M_Basic_Floor","0","0","23","1","0.000000","0","0"
"/Game/StarterContent/Materials/M_AssetPlatform.M_AssetPlatform","0","0","23","1","0.000000","0","0"
"/Game/StarterContent/Blueprints/Assets/M_LightStage_Arrows.M_LightStage_Arrows","0","0","4","1","0.000000","0","0"
"/Game/FPWeapon/Materials/BaseMaterial.BaseMaterial","0","0","37","1","0.000000","0","0"
"/Niagara/DefaultAssets/DefaultSpriteMaterial.DefaultSpriteMaterial","0","0","66","1","0.000000","0","0"
"/Niagara/DefaultAssets/DefaultRIbbonMaterial.DefaultRibbonMaterial","0","0","66","1","0.000000","0","0"
"/Game/M5VFXVOL2/Materials/Master/Debris_Mat.Debris_Mat","0","96","20","1","112.811562","0","879"
"/Game/InfinityBladeEffects/Maps/LevelContent/Architecture/M_1Meter_01.M_1Meter_01","0","24","1","1","27.326483","0","140"
"/Game/InfinityBladeEffects/Environments/Plains/Env_Plains_Ruins/Materials/M_PLains_FloorStone.M_PLains_FloorStone","0","37","1","1","35.507488","0","345"
"/Engine/BasicShapes/BasicShapeMaterial.BasicShapeMaterial","0","0","84","1","0.000000","0","0"
"/Engine/TemplateResources/M_Template_Master.M_Template_Master","0","0","37","1","0.000000","0","0"
"/Game/M5VFXVOL2/Demo/Materials/20M.20M","0","0","4","1","0.000000","0","0"
"/Engine/EngineMaterials/FlattenMaterial_WS_Normal_VT.FlattenMaterial_WS_Normal_VT","0","0","66","1","0.000000","0","0"
"/Engine/EngineMaterials/FlattenMaterial_VT.FlattenMaterial_VT","0","0","66","1","0.000000","0","0"
"/Game/InfinityBladeEffects/Environments/Misc/Env_ALL_Artifacts/Materials/M_Env_Health_Terminus.M_Env_Health_Terminus","0","37","2","1","35.438023","0","395"
"/Game/InfinityBladeEffects/Environments/Ice/Env_Ice_Mountain/Materials/M_IceMountain_Boulder.M_IceMountain_Boulder","0","37","1","1","34.905247","0","316"
"/Game/InfinityBladeEffects/Effects/OLD/Effects/FX_Materials/ICE/M_IceMountain_Boulder_MeshEmit.M_IceMountain_Boulder_MeshEmit","0","16","1","1","9.831511","0","74"
"/Game/InfinityBladeEffects/Effects/FX_Materials/ICE/M_IceMountain_Boulder_MeshEmit.M_IceMountain_Boulder_MeshEmit","0","16","1","1","0.000000","0","74"
"/Game/InfinityBladeEffects/Effects/FX_Materials/Mobile/M_Ice_Unlit.M_Ice_Unlit","0","16","4","1","9.960379","0","40"
"/Game/InfinityBladeEffects/Environments/Fire/Env_Fire_Magma/Materials/M_Lava_flows_trans.M_Lava_flows_trans","0","29","1","1","28.139362","0","139"
"/Game/InfinityBladeEffects/Effects/FX_Materials/Mobile/M_LavaFlows_Trans_2sided.M_LavaFlows_Trans_2sided","0","18","1","1","12.430275","0","76"
"/Game/InfinityBladeEffects/Effects/FX_Materials/Mobile/M_LavaFlows_Trans.M_LavaFlows_Trans","0","9","1","1","7.299749","0","24"
"/Game/InfinityBladeEffects/Effects/FX_Materials/Mobile/M_LavaFlows_Fast_Trans.M_LavaFlows_Fast_Trans","0","9","1","1","7.482668","0","26"
"/Game/InfinityBladeEffects/Effects/FX_Materials/Mobile/M_Dungeon_Pipe_FlowingLava_Cool.M_Dungeon_Pipe_FlowingLava_Cool","0","12","5","1","7.943672","0","34"
"/Game/InfinityBladeEffects/Effects/FX_Materials/Mobile/M_RoboChains_MeshEmit.M_RoboChains_MeshEmit","0","27","1","1","17.490814","0","97"
"/Game/InfinityBladeEffects/Environments/Env_Rocks/Materials/M_JaggedRock_01.M_JaggedRock_01","0","28","1","1","24.303860","0","107"
"/Game/InfinityBladeEffects/Effects/FX_Materials/Mobile/M_JaggedRock_Trans_MeshEmit_Lit.M_JaggedRock_Trans_MeshEmit_Lit","0","27","1","1","17.599625","0","68"
"/Game/InfinityBladeEffects/Environments/Breakables/Materials/M_Breakables_Fort_Wall_Destroyed.M_Breakables_Fort_Wall_Destroyed","0","28","1","1","23.871941","0","131"
"/Game/InfinityBladeEffects/Environments/Breakables/Materials/M_Breakables_Fort_Wall_Destroyed_Trim.M_Breakables_Fort_Wall_Destroyed_Trim","0","28","1","1","23.761784","0","152"
"/Game/InfinityBladeEffects/Environments/Breakables/Materials/M_Breakables_Pots_Red.M_Breakables_Pots_Red","0","28","1","1","23.068850","0","141"
"/Game/InfinityBladeEffects/Effects/FX_Materials/Mobile/Beakable_Master_MeshEmit.Beakable_Master_MeshEmit","0","65","1","1","51.486149","0","401"
"/Game/InfinityBladeEffects/Effects/FX_Materials/Enemy/M_Enemy_GreaterSpiderBoss_FX_Master.M_Enemy_GreaterSpiderBoss_FX_Master","0","42","1","1","37.704765","0","118"
"/Game/InfinityBladeEffects/Enemy/Enemy_Chicken/Materials/M_Survival_CA_Chicken_02.M_Survival_CA_Chicken_02","0","42","1","1","38.293095","0","226"
"/Game/InfinityBladeEffects/Enemy/Enemy_Chicken/Materials/M_EnemyChicken.M_EnemyChicken","0","56","1","1","54.299515","0","447"
"/Game/InfinityBladeEffects/Effects/FX_Materials/Glyph/M_IB_Debris_Boxes_Trans.M_IB_Debris_Boxes_Trans","0","18","1","1","11.583134","0","81"
"/Game/InfinityBladeEffects/Effects/FX_Materials/Glyph/M_IB_Debris_Boxes_Opaque.M_IB_Debris_Boxes_Opaque","0","8","1","1","5.260704","0","23"
"/Game/InfinityBladeEffects/Effects/FX_Materials/Glyph/M_IB_AnimGrid_Trans.M_IB_AnimGrid_Trans","0","72","1","1","60.653023","0","543"
"/Game/InfinityBladeEffects/Effects/FX_Materials/Glyph/M_IB_AnimGrid_Masked_Trans.M_IB_AnimGrid_Masked_Trans","0","72","1","1","59.541584","0","688"
"/Game/InfinityBladeEffects/Effects/FX_Materials/Glyph/M_IB_AnimGrid_Trans_MeshMat.M_IB_AnimGrid_Trans_MeshMat","0","72","1","1","60.331696","0","1992"
"/Game/InfinityBladeEffects/Effects/FX_Materials/Glyph/M_IB_AnimGrid_Trans_MeshEmit.M_IB_AnimGrid_Trans_MeshEmit","0","96","1","1","78.038887","0","4176"
"/Game/InfinityBladeEffects/Effects/FX_Materials/Gradient/M_Impact_IB_SubUV.M_Impact_IB_SubUV","0","27","1","1","17.893188","0","404"
"/Game/InfinityBladeEffects/Effects/FX_Materials/Glyph/M_IB_AnimGrid_2_Trans.M_IB_AnimGrid_2_Trans","0","72","1","1","58.795368","0","2539"
"/Game/InfinityBladeEffects/Effects/FX_Materials/Mobile/M_Portal_Add.M_Portal_Add","0","27","1","1","17.561403","0","363"
"/Game/InfinityBladeEffects/Effects/FX_Materials/Mobile/M_Heal_Add_2Sided.M_Heal_Add_2Sided","0","9","1","1","7.454574","0","53"
"/Game/InfinityBladeEffects/Effects/FX_Materials/Mobile/M_Glowing_Eyes.M_Glowing_Eyes","0","9","1","1","7.428266","0","53"
"/Game/InfinityBladeEffects/Effects/FX_Materials/Mobile/M_Tornado_Fire_Trans_02.M_Tornado_Fire_Trans_02","0","27","1","1","16.317041","0","382"
"/Game/InfinityBladeEffects/Effects/FX_Materials/Mobile/M_Portal_Trans.M_Portal_Trans","0","27","1","1","17.316582","0","404"
"/Game/InfinityBladeEffects/Effects/FX_Materials/Mobile/M_LeachBeam_Trans.M_LeachBeam_Trans","0","18","1","1","11.870788","0","174"
"/Game/InfinityBladeEffects/Effects/FX_Materials/Mobile/M_CombatArea_Base.M_CombatArea_Base","0","27","1","1","16.052181","0","375"
"/Game/InfinityBladeEffects/Effects/FX_Materials/Fire/M_FlickerGlow_Forge.M_FlickerGlow_Forge","0","18","1","1","11.005436","0","163"
"/Game/InfinityBladeEffects/Effects/FX_Materials/Mobile/M_JaggedRock_MeshEmit_Lit.M_JaggedRock_MeshEmit_Lit","0","37","1","1","31.046926","0","681"
"/Game/InfinityBladeEffects/Effects/Masters/M_Trans_Sprite_Master_DepthFade.M_Trans_Sprite_Master_DepthFade","0","27","1","1","17.011187","0","392"
"/Game/InfinityBladeEffects/Effects/Masters/M_Trans_Sprite_Master.M_Trans_Sprite_Master","0","36","1","1","21.241974","0","628"
"/Game/InfinityBladeEffects/Effects/FX_Materials/Mobile/M_JaggedRockFire_MeshEmit_Master.M_JaggedRockFire_MeshEmit_Master","0","37","1","1","33.956310","0","682"
"/Game/InfinityBladeEffects/Effects/FX_Materials/Mobile/M_Fire_Trans_Tile_2sided_Master.M_Fire_Trans_Tile_2sided_Master","0","36","1","1","22.459990","0","583"
"/Game/InfinityBladeEffects/Effects/FX_Materials/Mobile/M_LevelRing_00.M_LevelRing_00","0","36","1","1","22.008709","0","667"
"/Game/InfinityBladeEffects/Effects/FX_Materials/Mobile/M_Spark_Add_01_mobile.M_Spark_Add_01_mobile","0","27","1","1","16.529184","0","327"
"/Game/InfinityBladeEffects/Effects/FX_Materials/Mobile/M_Smoke_Add_2_mobile.M_Smoke_Add_2_mobile","0","27","1","1","17.430218","0","357"
"/Game/InfinityBladeEffects/Effects/FX_Materials/Mobile/M_Smoke_Trans_mobile.M_Smoke_Trans_mobile","0","27","1","1","16.781342","0","404"
"/Game/InfinityBladeEffects/Effects/FX_Materials/Mobile/M_IceBlastFog.M_IceBlastFog","0","18","1","1","11.558481","0","144"
"/Game/InfinityBladeEffects/Effects/FX_Materials/Mobile/M_Ice_Mesh03.M_Ice_Mesh03","0","14","1","1","14.576115","0","108"
"/Game/InfinityBladeEffects/Effects/FX_Materials/Mobile/M_HealBeam_Trans.M_HealBeam_Trans","0","18","1","1","11.523385","0","175"
"/Game/InfinityBladeEffects/Effects/FX_Materials/Mobile/M_FireBeam_Trans.M_FireBeam_Trans","0","18","1","1","12.102819","0","167"
"/Game/InfinityBladeEffects/Effects/Masters/M_Trans_Trail_2Sided_Pan_Tile_Master.M_Trans_Trail_2Sided_Pan_Tile_Master","0","18","1","1","12.061548","0","157"
"/Game/InfinityBladeEffects/Effects/Masters/M_Trans_Trail_2Sided_Pan_Base_Emis_Master.M_Trans_Trail_2Sided_Pan_Base_Emis_Master","0","72","6","2","44.553444","0","598"
"/Game/InfinityBladeEffects/Effects/Masters/M_Trans_StaticMesh_Lit_Master.M_Trans_StaticMesh_Lit_Master","0","33","1","1","34.281460","0","474"
"/Game/InfinityBladeEffects/Effects/Masters/M_Trans_Sprite_SubUV_Master_DepthFade.M_Trans_Sprite_SubUV_Master_DepthFade","0","27","1","1","17.637802","0","271"
"/Game/InfinityBladeEffects/Effects/Masters/M_Trans_Sprite_SubUV_Master.M_Trans_Sprite_SubUV_Master","0","36","1","1","21.602009","0","592"
"/Game/InfinityBladeEffects/Effects/Masters/M_Trans_Sprite_Lit_SubUV_Master.M_Trans_Sprite_Lit_SubUV_Master","0","96","2","1","76.320946","0","2716"
"/Game/InfinityBladeEffects/Effects/Masters/M_Trans_Sprite_2Sided_Master.M_Trans_Sprite_2Sided_Master","0","36","1","1","22.766201","0","452"
"/Game/InfinityBladeEffects/Effects/Masters/M_Trans_MeshEmit_Master.M_Trans_MeshEmit_Master","0","36","1","1","21.901531","0","659"
"/Game/InfinityBladeEffects/Effects/Masters/M_Trans_MeshEmit_2Sided_Pan_Mask_Master.M_Trans_MeshEmit_2Sided_Pan_Mask_Master","0","18","1","1","12.063479","0","164"
"/Game/InfinityBladeEffects/Effects/Masters/M_Opaque_Static_Lit_Emis_PanMaster.M_Opaque_Static_Lit_Emis_PanMaster","0","23","1","1","23.945980","0","277"
"/Game/InfinityBladeEffects/Effects/Masters/M_Opaque_MeshEmit_Lit_Emis_Master.M_Opaque_MeshEmit_Lit_Emis_Master","0","65","1","1","52.676517","0","1411"
"/Game/InfinityBladeEffects/Effects/Masters/M_Opaque_MeshEmit_Emis_Master.M_Opaque_MeshEmit_Emis_Master","0","8","1","1","5.538699","0","39"
"/Game/InfinityBladeEffects/Effects/Masters/M_Add_Trail_2Sided_Pan_Master.M_Add_Trail_2Sided_Pan_Master","0","54","3","2","34.784187","0","409"
"/Game/InfinityBladeEffects/Effects/Masters/M_Add_Trail_2Sided_Pan_Emis_Master.M_Add_Trail_2Sided_Pan_Emis_Master","0","27","1","1","16.936514","0","315"
"/Game/InfinityBladeEffects/Effects/Masters/M_Add_Sprite_SubUV_Master_DepthFade.M_Add_Sprite_SubUV_Master_DepthFade","0","36","1","1","22.630266","0","484"
"/Game/InfinityBladeEffects/Effects/Masters/M_Add_Sprite_SubUV_Master.M_Add_Sprite_SubUV_Master","0","36","1","1","21.939388","0","455"
"/Game/InfinityBladeEffects/Effects/Masters/M_Add_Sprite_Pan_Emis_Mask_Master.M_Add_Sprite_Pan_Emis_Mask_Master","0","54","3","2","34.544640","0","297"
"/Game/InfinityBladeEffects/Effects/Masters/M_Add_Sprite_Master_DepthFade.M_Add_Sprite_Master_DepthFade","0","36","1","1","21.566366","0","197"
"/Game/InfinityBladeEffects/Effects/Masters/M_Add_Sprite_Master.M_Add_Sprite_Master","0","36","1","1","22.136623","0","275"
"/Game/InfinityBladeEffects/Effects/Masters/M_Add_Sprite_2Sided_Master.M_Add_Sprite_2Sided_Master","0","36","1","1","21.798521","0","225"
"/Game/InfinityBladeEffects/Effects/Masters/M_Add_Mesh_2Sided_Pan_Emis_Master.M_Add_Mesh_2Sided_Pan_Emis_Master","0","72","11","2","45.031029","0","289"
"/Game/InfinityBladeEffects/Effects/Masters/M_Add_Mesh_2Sided_Pan_Base_Master.M_Add_Mesh_2Sided_Pan_Base_Master","0","18","1","1","11.794555","0","78"
"/Game/InfinityBladeEffects/Effects/FX_Materials/Mobile/M_Tornado_Fire_Trans_Master.M_Tornado_Fire_Trans_Master","0","36","1","1","22.631458","0","163"
"/Game/InfinityBladeEffects/Effects/FX_Materials/Mobile/M_Add_Trail_MeshEmit_2Sided_Master.M_Add_Trail_MeshEmit_2Sided_Master","0","36","1","1","22.370419","0","231"
"/Game/InfinityBladeEffects/Effects/FX_Materials/Mobile/M_GroundCrack_SubUV.M_GroundCrack_SubUV","0","27","1","1","17.420641","0","171"
"/Game/InfinityBladeEffects/Effects/FX_Materials/Mobile/M_ForgeCoals_Fire.M_ForgeCoals_Fire","0","9","1","1","7.722122","0","34"
"/Game/InfinityBladeEffects/Effects/FX_Materials/Mobile/M_FireSky_moving.M_FireSky_moving","0","4","1","1","3.451774","0","13"
"/Game/InfinityBladeEffects/Effects/FX_Materials/Mobile/M_FireSky.M_FireSky","0","4","1","1","3.432553","0","10"
"/Game/InfinityBladeEffects/Effects/FX_Materials/Mobile/M_Fire_Add_RingsubUV.M_Fire_Add_RingsubUV","0","27","2","1","17.094349","0","139"
"/Game/InfinityBladeEffects/Effects/FX_Materials/Mobile/M_ExploD_Trans_subUV_mobile.M_ExploD_Trans_subUV_mobile","0","27","1","1","17.500980","0","131"
"/Game/InfinityBladeEffects/Effects/FX_Materials/Mobile/M_cracks_01_mobile.M_cracks_01_mobile","0","27","1","1","17.772984","0","143"
"/Game/InfinityBladeEffects/Effects/FX_Materials/Mobile/M_ShieldMesh_mobile.M_ShieldMesh_mobile","0","36","1","1","23.091316","0","369"
"/Game/InfinityBladeEffects/Effects/FX_Materials/Mobile/M_ChargeMesh_mobile1.M_ChargeMesh_mobile1","0","36","1","1","22.222458","0","306"
"/Game/InfinityBladeEffects/Effects/FX_Materials/Mobile/M_CombatArea_Solid.M_CombatArea_Solid","0","27","1","1","17.490360","0","216"
"/Game/InfinityBladeEffects/Effects/FX_Materials/Mobile/M_CandleGlow_2sided.M_CandleGlow_2sided","0","54","1","1","48.745079","0","839"
"/Game/InfinityBladeEffects/Effects/FX_Materials/Mobile/M_CandleGlow.M_CandleGlow","0","51","1","1","43.120789","0","641"
"/Game/InfinityBladeEffects/Effects/FX_Materials/Mobile/M_Sky_Flashing_Panning_Master.M_Sky_Flashing_Panning_Master","0","4","1","1","3.342911","0","13"
"/Game/InfinityBladeEffects/Effects/FX_Materials/Mobile/M_Sky_Flashing_Panning.M_Sky_Flashing_Panning","0","4","1","1","3.355965","0","13"
"/Game/InfinityBladeEffects/Effects/FX_Materials/Mobile/M_BlueSky_Moving.M_BlueSky_Moving","0","4","1","1","3.413971","0","13"
"/Game/InfinityBladeEffects/Effects/FX_Materials/Mobile/M_BlueSky.M_BlueSky","0","4","1","1","3.512856","0","13"
"/Game/InfinityBladeEffects/Effects/FX_Materials/Mobile/M_Smoke_Trans_subUV_3_4_mobile.M_Smoke_Trans_subUV_3_4_mobile","0","27","1","1","17.441055","0","331"
"/Game/InfinityBladeEffects/Effects/FX_Materials/Mobile/M_BlastDir_Add_01_mobile.M_BlastDir_Add_01_mobile","0","27","1","1","16.955521","0","260"
"/Game/InfinityBladeEffects/Effects/FX_Materials/Mobile/M_BladeSwipe04.M_BladeSwipe04","0","27","1","1","17.881779","0","234"
"/Game/InfinityBladeEffects/Effects/FX_Materials/Mobile/M_Bats_Trans_mobile.M_Bats_Trans_mobile","0","27","1","1","17.680574","0","208"
"/Game/InfinityBladeEffects/Effects/FX_Materials/Mobile/M_LightSconces_Glow.M_LightSconces_Glow","0","24","1","1","27.000822","0","116"
"/Engine/EngineMaterials/FlattenMaterial.FlattenMaterial","0","0","66","1","0.000000","0","0"
"/Engine/EngineMaterials/M_InvalidLightmapSettings.M_InvalidLightmapSettings","0","0","28","1","0.000000","0","0"
"/Engine/EngineMaterials/EmissiveMeshMaterial.EmissiveMeshMaterial","0","0","9","1","0.000000","0","0"
"/Engine/EngineDebugMaterials/M_VolumeRenderSphereTracePP.M_VolumeRenderSphereTracePP","0","0","6","1","0.000000","0","0"
"/Engine/EngineMaterials/PhAT_JointLimitMaterial.PhAT_JointLimitMaterial","0","0","13","1","0.000000","0","0"
"/ControlRig/M_Manip.M_Manip","0","0","13","1","0.000000","0","0"
"/Paper2D/DefaultSpriteMaterial.DefaultSpriteMaterial","0","0","75","2","0.000000","0","0"
"/Engine/VREditor/TransformGizmo/TransformGizmoMaterial.TransformGizmoMaterial","0","0","4","1","0.000000","0","0"
"/Engine/EditorMaterials/WorldPartition/WorldPartitionSpatialHashGridPreviewMaterial.WorldPartitionSpatialHashGridPreviewMaterial","0","0","6","1","0.000000","0","0"
"/HairStrands/Materials/HairDebugMaterial.HairDebugMaterial","0","0","104","1","0.000000","0","0"
"/Engine/EngineSky/VolumetricClouds/m_SimpleVolumetricCloud.m_SimpleVolumetricCloud","0","0","56","1","0.000000","0","0"
"/Engine/EngineMaterials/DefaultPostProcessMaterial.DefaultPostProcessMaterial","0","0","10","1","0.000000","0","0"
"/Engine/EngineMaterials/DefaultDeferredDecalMaterial.DefaultDeferredDecalMaterial","0","0","101","1","0.000000","0","0"
"/Engine/EngineMaterials/EmissiveTexturedMaterial.EmissiveTexturedMaterial","0","0","8","1","0.000000","0","0"
"/Engine/EngineMaterials/DefaultMaterial.DefaultMaterial","0","0","167","1","0.000000","0","0"
"/Engine/EngineMaterials/WorldGridMaterial.WorldGridMaterial","0","0","1288","1","0.000000","0","0"
"/Engine/EngineMaterials/DefaultTextMaterialOpaque.DefaultTextMaterialOpaque","0","0","31","1","0.000000","0","0"
"/Engine/EngineMaterials/Widget3DPassThrough.Widget3DPassThrough","0","0","66","6","0.000000","0","9"
"/Game/StarterContent/Particles/Materials/M_Heat_Distortion.M_Heat_Distortion","0","0","33","1","0.000000","0","0"
"/Game/StarterContent/Props/Materials/M_TableRound.M_TableRound","0","0","23","1","0.000000","0","0"
"/Game/InfinityBladeEffects/Effects/FX_Materials/Mobile/M_YinYang_Circle.M_YinYang_Circle","0","27","2","1","17.760145","0","163"
"/Game/InfinityBladeEffects/Effects/FX_Materials/Mobile/M_SparkCore_Add_01_mobile.M_SparkCore_Add_01_mobile","0","27","2","1","17.004448","0","116"
"/Game/InfinityBladeEffects/Effects/FX_Materials/Mobile/M_Spark_2_2_01.M_Spark_2_2_01","0","27","1","1","17.194408","0","136"
"/Game/StarterContent/Props/Materials/M_StatueGlass.M_StatueGlass","0","0","37","1","0.000000","0","0"
"/Game/StarterContent/Props/Materials/M_Statue.M_Statue","0","0","23","1","0.000000","0","0"
"/Game/StarterContent/Particles/Materials/M_Spark.M_Spark","0","0","27","1","0.000000","0","0"
"/Game/StarterContent/Particles/Materials/M_smoke_subUV.M_smoke_subUV","0","0","72","1","0.000000","0","0"
"/Game/StarterContent/Blueprints/Assets/M_LightStage_Skybox_Master.M_LightStage_Skybox_Master","0","0","8","2","0.000000","0","0"
"","0","1","0","1","0.000000","999","0"
"/Game/InfinityBladeEffects/Effects/FX_Materials/Mobile/M_SpikeTrap_Fire.M_SpikeTrap_Fire","0","10","2","1","8.931315","0","44"
"/Game/InfinityBladeEffects/Effects/FX_Materials/Liquid/M_Water_fountain_01.M_Water_fountain_01","0","35","1","1","99.402542","0","182"
"/Game/InfinityBladeEffects/Effects/FX_Materials/Liquid/M_Water_Bucket_Cin04.M_Water_Bucket_Cin04","0","9","3","1","7.444222","0","22"
"/Game/MSPresets/M_MS_Imperfection_Material_VT/M_MS_Imperfection_Material_Var_VT.M_MS_Imperfection_Material_Var_VT","0","14","2","1","15.018833","0","91"
"/Game/M5VFXVOL2/Materials/Master/Smoke_blend_Mat.Smoke_blend_Mat","0","120","6","1","114.152092","0","1772"
"/Game/M5VFXVOL2/Materials/Master/Smoke1_Mat.Smoke1_Mat","0","144","2","1","134.951218","0","2557"
"/Game/M5VFXVOL2/Materials/Master/Distortion_Mat.Distortion_Mat","0","55","20","1","39.300117","0","230"
"/Game/StarterContent/Props/Materials/M_Rock.M_Rock","0","0","23","1","0.000000","0","0"
"/Game/StarterContent/Materials/M_Water_Ocean.M_Water_Ocean","0","0","23","1","0.000000","0","0"
"/Game/StarterContent/Materials/M_Tech_Hex_Tile.M_Tech_Hex_Tile","0","0","23","1","0.000000","0","0"
"/Game/StarterContent/Materials/M_Metal_Rust.M_Metal_Rust","0","0","23","1","0.000000","0","0"
"/Game/StarterContent/Materials/M_Wood_Floor_Walnut_Worn.M_Wood_Floor_Walnut_Worn","0","0","23","1","0.000000","0","0"
"/Game/StarterContent/Materials/M_ColorGrid_LowSpec.M_ColorGrid_LowSpec","0","0","23","1","0.000000","0","0"
"/Bridge/MSPresets/M_MS_Imperfection_Material_Var/M_MS_Imperfection_Material_Var.M_MS_Imperfection_Material_Var","0","0","14","1","0.000000","0","0"
"/SpeedTreeImporter/SpeedTree9/SpeedTreeBillboardMaster.SpeedTreeBillboardMaster","0","0","62","1","0.000000","0","0"
"/SpeedTreeImporter/SpeedTree9/SpeedTreeMaster.SpeedTreeMaster","0","0","88","1","0.000000","0","0"
"/Game/InfinityBladeEffects/Effects/FX_Materials/Mobile/M_Tornado.M_Tornado","0","45","1","1","27.856470","0","422"
"/Game/InfinityBladeEffects/Effects/FX_Materials/Mobile/M_HeartHeal_02_Trans.M_HeartHeal_02_Trans","0","27","1","1","17.603121","0","201"
"/Game/M5VFXVOL2/Materials/Master/blackbody_exp_Mat.blackbody_exp_Mat","0","120","1","1","115.413055","0","1833"
"/Game/MSPresets/M_MS_Default_Material_VT/M_MS_Default_Material_VT.M_MS_Default_Material_VT","0","14","1","1","14.579748","0","75"
"/Game/M5VFXVOL2/Materials/Master/Single_Disort_Mat.Single_Disort_Mat","0","192","7","1","177.270782","0","2903"
"/Engine/EngineSky/M_Sky_Panning_Clouds2.M_Sky_Panning_Clouds2","0","0","4","1","0.000000","0","0"
"/Bridge/MSPresets/M_MS_Default_Material/M_MS_Default_Material.M_MS_Default_Material","0","0","14","1","0.000000","0","0"
"/Game/AnimStarterPack/UE4_Mannequin/Materials/M_UE4Man_Body.M_UE4Man_Body","0","112","35","2","109.673447","0","608"
"/Game/M5VFXVOL2/Materials/Master/0_DotCircle_Mat.0_DotCircle_Mat","0","45","11","1","31.152992","0","252"
"/Bridge/MSPresets/M_MS_Glass_Material/M_MS_Glass_Material.M_MS_Glass_Material","0","0","28","1","0.000000","0","0"
"/Game/MSPresets/M_MS_Imperfection_Material_VT/M_MS_Imperfection_Material_VT.M_MS_Imperfection_Material_VT","0","14","4","1","14.923186","0","60"
"/Game/InfinityBladeEffects/Effects/Masters/M_Trans_Sprite_Master_Surface.M_Trans_Sprite_Master_Surface","0","104","4","1","234.392319","0","659"
"/Game/FPWeapon/Materials/M_FPGun.M_FPGun","0","56","21","1","54.421059","0","352"
"/Game/FirstPersonArms/Character/Materials/M_UE4Man_Body.M_UE4Man_Body","0","56","26","1","54.488663","0","162"
"/Game/InfinityBladeEffects/Maps/LevelContent/Architecture/M_CycWall_01.M_CycWall_01","0","23","14","1","24.032631","0","63"
"/Game/InfinityBladeEffects/Maps/LevelContent/Architecture/M_CycRoom_01.M_CycRoom_01","0","23","5","1","24.150463","0","68"
"/Game/InfinityBladeEffects/Effects/Masters/M_Opaque_MeshEmit_Emis_Master_Surface2.M_Opaque_MeshEmit_Emis_Master_Surface2","0","28","7","1","22.975744","0","83"
"/Bridge/MSPresets/M_MS_Imperfection_Material/M_MS_Imperfection_Material.M_MS_Imperfection_Material","0","0","14","1","0.000000","0","0"
"/Engine/EditorMaterials/Thumbnails/SkySphereMaterial.SkySphereMaterial","0","0","23","1","0.000000","0","0"
"/Bridge/MSPresets/M_MS_Billboard_Material/M_MS_Billboard_Material.M_MS_Billboard_Material","0","0","62","1","0.000000","0","0"
"/Engine/Functions/Engine_MaterialFunctions02/ExampleContent/3dParticleOpacity_Mat.3dParticleOpacity_Mat","0","0","39","1","0.000000","0","0"
"/Game/InfinityBladeEffects/Effects/Masters/M_Opaque_MeshEmit_Emis_Master_Surface.M_Opaque_MeshEmit_Emis_Master_Surface","0","28","1","1","23.535431","0","368"
"/Game/VFX/FireProjectile/M_AddScrollingNiagara.M_AddScrollingNiagara","0","36","1","1","30.197058","0","483"
"/Game/InfinityBladeEffects/Effects/FX_Materials/Mobile/M_Tornado_Ice_Trans_UT.M_Tornado_Ice_Trans_UT","0","27","2","1","18.147095","0","223"
"/Game/InfinityBladeEffects/Effects/Masters/M_Trans_Sprite_SubUV_Master_Surface.M_Trans_Sprite_SubUV_Master_Surface","0","72","1","1","64.078865","0","398"
"/Game/InfinityBladeEffects/Effects/FX_Mobile/ICE/M_Tornado_Ice_Trans.M_Tornado_Ice_Trans","0","45","3","1","28.279192","0","162"
"/Game/InfinityBladeEffects/Effects/FX/M_FogPlane03_add.M_FogPlane03_add","0","9","2","1","7.533997","0","31"
"/Game/InfinityBladeEffects/Effects/FX/M_FogPlane03.M_FogPlane03","0","9","1","1","7.239770","0","24"
"/Game/InfinityBladeEffects/Effects/FX/M_FogPlane02.M_FogPlane02","0","18","1","1","11.879201","0","56"
"/Game/InfinityBladeEffects/Effects/FX/M_FogPlane01.M_FogPlane01","0","9","1","1","7.578336","0","23"
"/Game/InfinityBladeEffects/Effects/FX/M_Embers.M_Embers","0","9","1","1","7.721682","0","24"
"/Game/M5VFXVOL2/Materials/Font/Font_mat_Fix.Font_mat_Fix","0","29","1","1","28.493801","0","117"
"/Game/InfinityBladeEffects/Effects/FX/M_BloomPlane.M_BloomPlane","0","9","1","1","7.508731","0","35"
"/Game/Materials/Landscape/M_Grass.M_Grass","0","14","1","1","14.499733","0","50"
"/Game/M5VFXVOL2/Materials/Master/Gradient_Mat.Gradient_Mat","0","33","3","1","35.494358","0","146"
"/Game/InfinityBladeEffects/Effects/FX_Materials/Mobile/M_CrackedGround_Fire_Unlit.M_CrackedGround_Fire_Unlit","0","12","1","1","7.920562","0","42"
"/Game/InfinityBladeEffects/Effects/FX_Materials/Mobile/M_CrackedGround_Fire_Lit.M_CrackedGround_Fire_Lit","0","65","5","1","53.744720","0","328"
"/Game/InfinityBladeEffects/Effects/FX_Materials/Mobile/M_FireBlast_Add.M_FireBlast_Add","0","27","1","1","17.702000","0","107"
"/Game/InfinityBladeEffects/Effects/FX_Materials/Mobile/M_CandleFlame.M_CandleFlame","0","27","1","1","17.387289","0","124"
"/Game/InfinityBladeEffects/Effects/FX_Materials/Mobile/M_Fire_Ribbon_Pan_Add.M_Fire_Ribbon_Pan_Add","0","36","1","1","22.103466","0","158"
"/Game/InfinityBladeEffects/Effects/FX_Materials/Mobile/M_CrackedGroundFire.M_CrackedGroundFire","0","18","1","1","11.723337","0","65"
"/Game/InfinityBladeEffects/Effects/FX_Materials/Mobile/M_Spider_Anim.M_Spider_Anim","0","24","2","1","23.901127","0","104"
"/Game/InfinityBladeEffects/Effects/FX_Materials/Mobile/M_Glyph_Add_Outer_mobile.M_Glyph_Add_Outer_mobile","0","27","1","1","16.729630","0","98"
"/Game/InfinityBladeEffects/Effects/FX_Materials/Mobile/M_Flare_Add_RadialRings_03.M_Flare_Add_RadialRings_03","0","27","1","1","16.652239","0","93"
"/Game/InfinityBladeEffects/Effects/FX_Materials/Mobile/M_Opaque_Axes_Spin.M_Opaque_Axes_Spin","0","8","1","1","5.143118","0","29"
"/Game/InfinityBladeEffects/Effects/OLD/Effects/FX_Materials/Gradient/M_Add_Unlit_TerminGlow.M_Add_Unlit_TerminGlow","0","18","2","1","11.300223","0","49"
"/Game/StarterContent/Materials/M_CobbleStone_Pebble.M_CobbleStone_Pebble","0","23","3","1","23.557936","0","85"
"/Game/InfinityBladeEffects/Effects/FX_Materials/Liquid/M_Liquid_Splat_03_INST.M_Liquid_Splat_03_INST","0","27","2","1","16.953621","0","98"
"/Game/InfinityBladeEffects/Effects/FX_Materials/Mobile/M_Fog_Green_mobile.M_Fog_Green_mobile","0","27","1","1","16.339472","0","109"
"/Game/InfinityBladeEffects/Effects/FX_Materials/Mobile/M_Snow.M_Snow","0","9","1","1","7.306734","0","23"
"/Game/InfinityBladeEffects/Effects/FX_Materials/Mobile/M_Smoke_Trans_subUV_mobile.M_Smoke_Trans_subUV_mobile","0","27","5","1","17.316689","0","99"
"/Game/InfinityBladeEffects/Effects/FX_Materials/Mobile/M_Smoke_Add_subUV_mult.M_Smoke_Add_subUV_mult","0","27","2","1","17.253267","0","91"
"/Game/InfinityBladeEffects/Effects/FX_Materials/Mobile/M_Smoke_Addit_subUV_mobile.M_Smoke_Addit_subUV_mobile","0","27","4","1","17.637804","0","109"
"/Game/InfinityBladeEffects/Effects/FX_Materials/Mobile/M_SmokeTile_Trail_01.M_SmokeTile_Trail_01","0","18","5","1","12.739079","0","60"
"/Game/InfinityBladeEffects/Effects/FX_Materials/Mobile/M_Smoke_Trans_subUV_4_8_mobile.M_Smoke_Trans_subUV_4_8_mobile","0","27","5","1","17.484053","0","102"
"/Game/InfinityBladeEffects/Effects/FX_Materials/Mobile/M_SmokeWispy_Pan.M_SmokeWispy_Pan","0","27","5","1","18.126728","0","118"
"/Game/InfinityBladeEffects/Effects/FX_Materials/Mobile/M_SmokeWispy_Gradient_Pan.M_SmokeWispy_Gradient_Pan","0","27","8","1","17.840921","0","129"
"/Game/InfinityBladeEffects/Effects/FX_Materials/Mobile/M_SmokeSingle_Trans_mobile.M_SmokeSingle_Trans_mobile","0","27","9","1","17.429327","0","73"
"/Game/InfinityBladeEffects/Effects/FX_Materials/Mobile/M_SmokeSingle_Add.M_SmokeSingle_Add","0","27","27","1","17.686586","0","45"
"/Game/InfinityBladeEffects/Effects/FX_Materials/Mobile/M_Add_Unlit_EndGate.M_Add_Unlit_EndGate","0","27","27","1","17.651442","0","52"
"/Game/InfinityBladeEffects/Effects/FX_Materials/Mobile/M_Smoke3_Trans_subUV_mobile.M_Smoke3_Trans_subUV_mobile","0","27","27","1","17.483032","0","33"
"/Game/InfinityBladeEffects/Effects/FX_Materials/Mobile/M_Smoke3_Add_subUV_mobile.M_Smoke3_Add_subUV_mobile","0","27","27","1","17.388659","0","27"
"/Game/StarterContent/Particles/Materials/M_radial_ramp.M_radial_ramp","0","0","36","1","0.000000","0","0"
"/Game/StarterContent/Particles/Materials/M_Radial_Gradient.M_Radial_Gradient","0","0","36","1","0.000000","0","0"
"/Engine/EditorMaterials/PreviewShadowIndicatorMaterial.PreviewShadowIndicatorMaterial","0","0","43","1","0.000000","0","0"
"/Game/StarterContent/Materials/M_Concrete_Tiles.M_Concrete_Tiles","0","0","23","1","0.000000","0","0"
"/Game/StarterContent/Materials/M_Tech_Hex_Tile_Pulse.M_Tech_Hex_Tile_Pulse","0","0","23","1","0.000000","0","0"
"/Game/StarterContent/Materials/M_Rock_Slate.M_Rock_Slate","0","0","23","1","0.000000","0","0"
"/Game/StarterContent/Props/Materials/M_Shelf.M_Shelf","0","0","23","1","0.000000","0","0"
"/Game/StarterContent/Materials/M_Wood_Floor_Walnut_Polished.M_Wood_Floor_Walnut_Polished","0","0","23","1","0.000000","0","0"
"/Game/StarterContent/Materials/M_Water_Lake.M_Water_Lake","0","0","23","1","0.000000","0","0"
"/Game/InfinityBladeEffects/Effects/FX_Materials/Mobile/M_Smoke2_Trans_subUV_mobile.M_Smoke2_Trans_subUV_mobile","0","27","27","1","17.688423","0","27"
"/Game/InfinityBladeEffects/Effects/FX_Materials/Mobile/M_Fog_Orng_mobile.M_Fog_Orng_mobile","0","27","27","1","18.213184","0","27"
"/Game/InfinityBladeEffects/Effects/FX_Materials/Mobile/M_Fog_Blue_mobile.M_Fog_Blue_mobile","0","36","2","1","24.691034","0","116"
"/Game/InfinityBladeEffects/Effects/FX_Materials/Smoke/M_FogSheet_Fire_03.M_FogSheet_Fire_03","0","9","3","1","7.193120","0","36"
"/Game/InfinityBladeEffects/Effects/FX_Materials/Smoke/M_FogSheet_Add_Ice_T3.M_FogSheet_Add_Ice_T3","0","9","1","1","7.226043","0","26"
"/Game/InfinityBladeEffects/Effects/FX_Materials/Smoke/M_FogSheet_Add.M_FogSheet_Add","0","18","1","1","11.416670","0","82"
"/Game/InfinityBladeEffects/Effects/FX_Materials/Mobile/M_FogSheet_Trans.M_FogSheet_Trans","0","9","9","1","6.704076","0","12"
"/Game/InfinityBladeEffects/Effects/FX_Materials/Mobile/M_Tile_Noise_Tendril_01.M_Tile_Noise_Tendril_01","0","18","2","1","11.126452","0","42"
"/Game/InfinityBladeEffects/Effects/FX_Materials/Misc/M_DeathPlane_01.M_DeathPlane_01","0","36","36","1","21.121553","0","47"
"/Game/InfinityBladeEffects/Effects/FX_Materials/Enemy/M_Ausar_ShieldBlast_01.M_Ausar_ShieldBlast_01","0","36","12","1","21.568104","0","107"
"/Game/InfinityBladeEffects/Effects/FX_Materials/Misc/M_Telecharge_char_01.M_Telecharge_char_01","0","8","1","1","5.360919","0","36"
"/Game/InfinityBladeEffects/Effects/FX_Materials/Mobile/M_IB_Blood_Trans_subUV_mobile.M_IB_Blood_Trans_subUV_mobile","0","27","1","1","16.763130","0","216"
"/Game/StarterContent/Materials/M_Rock_Marble_Polished.M_Rock_Marble_Polished","0","0","23","1","0.000000","0","0"
"/Game/StarterContent/Materials/M_Wood_Walnut.M_Wood_Walnut","0","0","23","1","0.000000","0","0"
"/Game/StarterContent/Materials/M_Wood_Pine.M_Wood_Pine","0","0","23","1","0.000000","0","0"
"/Game/StarterContent/Materials/M_Wood_Oak.M_Wood_Oak","0","0","23","1","0.000000","0","0"
"/Game/StarterContent/Materials/M_Tech_Panel.M_Tech_Panel","0","0","23","1","0.000000","0","0"
"/Game/StarterContent/Materials/M_Rock_Sandstone.M_Rock_Sandstone","0","0","23","1","0.000000","0","0"
"/Game/StarterContent/Materials/M_Rock_Basalt.M_Rock_Basalt","0","0","23","1","0.000000","0","0"
"/Game/StarterContent/Materials/M_Metal_Steel.M_Metal_Steel","0","0","23","1","0.000000","0","0"
"/Game/StarterContent/Materials/M_Metal_Gold.M_Metal_Gold","0","0","23","1","0.000000","0","0"
"/Game/StarterContent/Materials/M_Metal_Copper.M_Metal_Copper","0","0","23","1","0.000000","0","0"
"/Game/StarterContent/Materials/M_Metal_Chrome.M_Metal_Chrome","0","0","23","1","0.000000","0","0"
"/Game/StarterContent/Materials/M_Metal_Burnished_Steel.M_Metal_Burnished_Steel","0","0","23","1","0.000000","0","0"
"/Game/StarterContent/Materials/M_Metal_Brushed_Nickel.M_Metal_Brushed_Nickel","0","0","23","1","0.000000","0","0"
"/Game/StarterContent/Props/Materials/M_Lamp.M_Lamp","0","0","23","1","0.000000","0","0"
"/Game/StarterContent/Materials/M_Ground_Moss.M_Ground_Moss","0","0","23","1","0.000000","0","0"
"/Game/StarterContent/Materials/M_Ground_Gravel.M_Ground_Gravel","0","0","23","1","0.000000","0","0"
"/Game/InfinityBladeEffects/Effects/FX_Materials/Mobile/M_Blood_Trans_03.M_Blood_Trans_03","0","27","2","1","17.136862","0","299"
"/Game/InfinityBladeEffects/Effects/FX_Materials/Mobile/M_Blood_Mod_03_mobile.M_Blood_Mod_03_mobile","0","27","2","1","16.766747","0","273"
"/Game/InfinityBladeEffects/Effects/FX_Materials/Mobile/M_Blood_Trans_Emissive_02.M_Blood_Trans_Emissive_02","0","27","1","1","16.475836","0","204"
"/Game/InfinityBladeEffects/Effects/FX_Materials/Mobile/M_Blood_Trans_02.M_Blood_Trans_02","0","27","1","1","17.204472","0","335"
"/Game/InfinityBladeEffects/Effects/FX_Materials/Mobile/M_Blood_Mod_02_mobile.M_Blood_Mod_02_mobile","0","27","1","1","16.901920","0","314"
"/Game/InfinityBladeEffects/Effects/FX_Materials/Mobile/M_Blood_Trans_01.M_Blood_Trans_01","0","27","1","1","17.371397","0","254"
"/Game/InfinityBladeEffects/Effects/FX_Materials/Mobile/M_Blood_Mod_01_mobile.M_Blood_Mod_01_mobile","0","27","1","1","17.744616","0","294"
"/Game/InfinityBladeEffects/Effects/FX_Materials/Mobile/M_Lightning_Radial_add_subuv_4x4.M_Lightning_Radial_add_subuv_4x4","0","27","1","1","17.121441","0","320"
"/Game/InfinityBladeEffects/Effects/FX_Materials/Mobile/M_Lightning_Bolt_01.M_Lightning_Bolt_01","0","27","2","1","16.408421","0","270"
"/Game/InfinityBladeEffects/Effects/FX_Materials/Mobile/M_Lightning_Arc_Add_subUV.M_Lightning_Arc_Add_subUV","0","27","1","1","17.692688","0","199"
"/Game/InfinityBladeEffects/Effects/FX_Materials/Mobile/M_SnowSubUV_2_3_MeshEmit.M_SnowSubUV_2_3_MeshEmit","0","27","1","1","18.455029","0","69"
"/Game/InfinityBladeEffects/Effects/FX_Materials/Mobile/M_SnowSubUV_2_3.M_SnowSubUV_2_3","0","27","1","1","18.365534","0","99"
"/Game/InfinityBladeEffects/Effects/FX_Materials/Mobile/M_Ice_Shard_Tiled_Mesh_Unlit_01.M_Ice_Shard_Tiled_Mesh_Unlit_01","0","36","1","1","22.060453","0","170"
"/Game/InfinityBladeEffects/Effects/FX_Materials/Mobile/M_Ice_Shard_Tiled_D.M_Ice_Shard_Tiled_D","0","28","2","1","23.502121","0","116"
"/Game/InfinityBladeEffects/Effects/FX_Materials/Mobile/M_IceTrap_Shard.M_IceTrap_Shard","0","42","1","1","33.751534","0","146"
"/Game/InfinityBladeEffects/Effects/FX_Materials/ICE/M_JaggedRockIce_MeshEmit_Blue.M_JaggedRockIce_MeshEmit_Blue","0","28","2","1","22.370066","0","104"
"/Game/InfinityBladeEffects/Effects/FX_Materials/Mobile/M_IceSword.M_IceSword","0","27","1","1","17.215576","0","97"
"/Game/InfinityBladeEffects/Effects/FX_Materials/Mobile/M_IceSkills_Base.M_IceSkills_Base","0","27","1","1","16.994184","0","124"
"/Game/InfinityBladeEffects/Effects/FX_Materials/ICE/M_IceSkills_Base_Lit.M_IceSkills_Base_Lit","0","36","1","1","21.038717","0","133"
"/Game/InfinityBladeEffects/Effects/FX_Materials/Mobile/M_Plate_Floor_2_Ice.M_Plate_Floor_2_Ice","0","23","1","1","23.715427","0","63"
"/Game/InfinityBladeEffects/Effects/FX_Materials/ICE/M_JaggedRockIce_MeshEmit.M_JaggedRockIce_MeshEmit","0","37","1","1","32.411438","0","92"
"/Game/InfinityBladeEffects/Effects/FX_Materials/ICE/M_IceShard.M_IceShard","0","18","1","1","11.629176","0","71"
"/Game/Materials/M_Cobblestone.M_Cobblestone","0","14","1","1","14.663016","0","71"
"/Game/InfinityBladeEffects/Effects/FX_Materials/ICE/M_IceChunksBase.M_IceChunksBase","0","36","1","1","21.782616","0","136"
"/Game/InfinityBladeEffects/Effects/FX_Materials/ICE/M_IceBlastIcicles_Fade.M_IceBlastIcicles_Fade","0","96","2","1","77.195442","0","455"
"/Game/InfinityBladeEffects/Effects/FX_Materials/Mobile/M_IceBlastIcicles.M_IceBlastIcicles","0","18","2","1","11.735269","0","61"
"/Game/InfinityBladeEffects/Effects/FX_Materials/ICE/M_IceBlastBase.M_IceBlastBase","0","96","5","1","76.421036","0","511"
"/Game/InfinityBladeEffects/Effects/FX_Materials/Mobile/M_Ice_Attack_Top.M_Ice_Attack_Top","0","27","8","1","17.052826","0","72"
"/Game/InfinityBladeEffects/Effects/FX_Materials/Mobile/M_Ice_Attack_Side_Add.M_Ice_Attack_Side_Add","0","27","4","1","16.821247","0","81"
"/Game/InfinityBladeEffects/Effects/FX_Materials/Mobile/M_Ice_Attack_Side.M_Ice_Attack_Side","0","27","3","1","17.159594","0","102"
"/Game/InfinityBladeEffects/Effects/FX_Materials/Mobile/M_GlowVert_Trans.M_GlowVert_Trans","0","27","4","1","16.855156","0","105"
"/Game/InfinityBladeEffects/Effects/FX_Materials/Mobile/M_GlowVert_Add.M_GlowVert_Add","0","27","2","1","16.676273","0","111"
"/Game/InfinityBladeEffects/Effects/FX_Materials/Misc/M_Targeting_Enemy.M_Targeting_Enemy","0","36","2","1","21.309185","0","133"
"/Game/InfinityBladeEffects/Effects/FX_Materials/Mobile/M_TraceTrail_Fire.M_TraceTrail_Fire","0","18","1","1","12.566680","0","72"
"/Game/InfinityBladeEffects/Effects/FX_Materials/Mobile/M_SwipeTrail_EdgeFade.M_SwipeTrail_EdgeFade","0","24","3","1","24.569515","0","109"
"/Game/InfinityBladeEffects/Effects/FX_Materials/Mobile/M_SwipeTrail_Add_2Sided_Emissive_MESH.M_SwipeTrail_Add_2Sided_Emissive_MESH","0","9","3","1","7.516342","0","27"
"/Game/InfinityBladeEffects/Effects/FX_Materials/Env/M_Treasure_Gold_Add_2sided.M_Treasure_Gold_Add_2sided","0","18","1","1","11.960312","0","70"
"/Game/InfinityBladeEffects/Effects/FX_Materials/Mobile/M_Shield_Rim_Add.M_Shield_Rim_Add","0","27","5","1","17.309858","0","88"
"/Game/InfinityBladeEffects/Effects/FX_Materials/Mobile/M_Flare_Add_03_mobile.M_Flare_Add_03_mobile","0","27","5","1","16.913977","0","111"
"/Game/InfinityBladeEffects/Effects/FX_Materials/Mobile/M_Flare_Add_02_mobile.M_Flare_Add_02_mobile","0","27","8","1","16.993240","0","119"
"/Game/InfinityBladeEffects/Effects/FX_Materials/Mobile/M_Flare_Add_01_mobile.M_Flare_Add_01_mobile","0","27","9","1","17.043924","0","80"
"/Game/InfinityBladeEffects/Effects/FX_Materials/Mobile/M_Flare_Add_01_2sided.M_Flare_Add_01_2sided","0","27","27","1","17.828272","0","42"
"/Game/InfinityBladeEffects/Effects/FX_Materials/Mobile/M_Flare_Add_04_mobile.M_Flare_Add_04_mobile","0","27","27","1","17.384308","0","50"
"/Game/InfinityBladeEffects/Effects/FX_Materials/Mobile/M_Flare_Add_04_Inst.M_Flare_Add_04_Inst","0","27","27","1","17.417248","0","27"
"/Game/InfinityBladeEffects/Effects/FX_Materials/Mobile/M_Flare_Add_03_2sided.M_Flare_Add_03_2sided","0","27","27","1","17.434875","0","27"
"/Game/InfinityBladeEffects/Effects/FX_Materials/Mobile/M_SlashDir_Add_01_mobile.M_SlashDir_Add_01_mobile","0","27","27","1","17.777512","0","27"
"/Game/StarterContent/Materials/M_Ground_Grass.M_Ground_Grass","0","0","23","1","0.000000","0","0"
"/Game/StarterContent/Props/Materials/M_Frame.M_Frame","0","0","23","1","0.000000","0","0"
"/Game/StarterContent/Particles/Materials/M_Fire_SubUV.M_Fire_SubUV","0","0","27","1","0.000000","0","0"
"/Game/StarterContent/Particles/Materials/M_explosion_subUV.M_explosion_subUV","0","0","27","1","0.000000","0","0"
"/Game/StarterContent/Particles/Materials/M_Dust_Particle.M_Dust_Particle","0","0","96","1","0.000000","0","0"
"/Game/StarterContent/Props/Materials/M_Door.M_Door","0","0","23","1","0.000000","0","0"
"/Game/StarterContent/Materials/M_Concrete_Poured.M_Concrete_Poured","0","0","23","1","0.000000","0","0"
"/Game/StarterContent/Materials/M_Concrete_Panels.M_Concrete_Panels","0","0","23","1","0.000000","0","0"
"/Game/StarterContent/Materials/M_Concrete_Grime.M_Concrete_Grime","0","0","23","1","0.000000","0","0"
"/Game/StarterContent/Materials/M_CobbleStone_Smooth.M_CobbleStone_Smooth","0","0","23","1","0.000000","0","0"
"/Game/StarterContent/Materials/M_CobbleStone_Rough.M_CobbleStone_Rough","0","0","23","1","0.000000","0","0"
"/Game/StarterContent/Materials/M_Tech_Checker_Dot.M_Tech_Checker_Dot","0","0","23","1","0.000000","0","0"
"/Game/StarterContent/Props/Materials/M_Chair.M_Chair","0","0","23","1","0.000000","0","0"
"/Game/StarterContent/Materials/M_Ceramic_Tile_Checker.M_Ceramic_Tile_Checker","0","0","23","1","0.000000","0","0"
"/Game/StarterContent/Props/Materials/M_Bush.M_Bush","0","0","44","1","0.000000","0","0"
"/Game/StarterContent/Particles/Materials/M_Burst.M_Burst","0","0","33","1","0.000000","0","0"
"/Game/StarterContent/Materials/M_Brick_Hewn_Stone.M_Brick_Hewn_Stone","0","0","23","1","0.000000","0","0"
"/Game/StarterContent/Materials/M_Brick_Cut_Stone.M_Brick_Cut_Stone","0","0","23","1","0.000000","0","0"
"/Game/StarterContent/Materials/M_Brick_Clay_Old.M_Brick_Clay_Old","0","0","23","1","0.000000","0","0"
"/Game/StarterContent/Materials/M_Brick_Clay_New.M_Brick_Clay_New","0","0","23","1","0.000000","0","0"
"/Game/StarterContent/Materials/M_Brick_Clay_Beveled.M_Brick_Clay_Beveled","0","0","23","1","0.000000","0","0"
"/Game/InfinityBladeEffects/Effects/FX_Materials/Mobile/M_Sword_Opaque_Master.M_Sword_Opaque_Master","0","16","3","1","9.317691","0","39"
"/Game/InfinityBladeEffects/Effects/FX_Materials/Mobile/M_LightCone.M_LightCone","0","27","4","1","16.478924","0","77"
"/Game/InfinityBladeEffects/Effects/FX_Materials/Mobile/M_IceHammerGlow.M_IceHammerGlow","0","27","27","1","16.161150","0","37"
"/Game/InfinityBladeEffects/Effects/FX_Materials/Mobile/M_Impact_SubUV.M_Impact_SubUV","0","27","27","1","16.536255","0","53"
"/Game/InfinityBladeEffects/Effects/FX_Materials/Gradient/M_Opaque_Hammer_Spin.M_Opaque_Hammer_Spin","0","16","1","1","9.805764","0","108"
"/Game/InfinityBladeEffects/Effects/FX_Materials/Mobile/M_GlowNoise_Radial_01_Trans.M_GlowNoise_Radial_01_Trans","0","27","1","1","16.705311","0","334"
"/Game/InfinityBladeEffects/Effects/FX_Materials/Mobile/M_GlowNoise_Radial_01.M_GlowNoise_Radial_01","0","27","1","1","16.695065","0","239"
"/Game/InfinityBladeEffects/Effects/FX_Materials/Mobile/M_GlowNoise_01_2sided_MeshEmit.M_GlowNoise_01_2sided_MeshEmit","0","18","1","1","11.497139","0","155"
"/Game/InfinityBladeEffects/Effects/FX_Materials/Mobile/M_GlowNoise_01_2sided.M_GlowNoise_01_2sided","0","27","1","1","16.817146","0","266"
"/Game/InfinityBladeEffects/Effects/FX_Materials/Mobile/M_GlowNoise_01.M_GlowNoise_01","0","27","1","1","16.578079","0","261"
"/Game/InfinityBladeEffects/Effects/FX_Materials/Mobile/M_Flare_Add_RadialRings_02.M_Flare_Add_RadialRings_02","0","27","2","1","16.019859","0","230"
"/Game/InfinityBladeEffects/Effects/FX_Materials/Mobile/M_Flare_Add_RadialRings_01.M_Flare_Add_RadialRings_01","0","27","1","1","16.374462","0","241"
"/Game/InfinityBladeEffects/Effects/FX_Materials/Mobile/M_HealSpiral_Add.M_HealSpiral_Add","0","9","1","1","7.268865","0","53"
"/Game/InfinityBladeEffects/Effects/FX_Materials/Mobile/M_ReflectArrow_Grad.M_ReflectArrow_Grad","0","36","1","1","19.984478","0","430"
"/Game/InfinityBladeEffects/Effects/FX_Materials/Mobile/M_BlastWave_mobile.M_BlastWave_mobile","0","27","1","1","16.132307","0","212"
"/Game/InfinityBladeEffects/Effects/FX_Materials/Mobile/M_BlastWave_MeshEmit_Trans.M_BlastWave_MeshEmit_Trans","0","27","2","1","16.035772","0","256"
"/Game/InfinityBladeEffects/Effects/FX_Materials/Mobile/M_BlastWave_MeshEmit_2Sided.M_BlastWave_MeshEmit_2Sided","0","27","1","1","16.791653","0","270"
"/Game/InfinityBladeEffects/Effects/FX_Materials/Mobile/M_BlastWave_MeshEmit.M_BlastWave_MeshEmit","0","36","1","1","20.582390","0","391"
"/Game/InfinityBladeEffects/Effects/FX_Materials/Mobile/M_BlastWave_2sided.M_BlastWave_2sided","0","36","1","1","22.469423","0","375"
"/Game/InfinityBladeEffects/Effects/FX_Materials/Mobile/M_FlashHalf_Add_mobile.M_FlashHalf_Add_mobile","0","27","1","1","16.681810","0","323"
"/Game/InfinityBladeEffects/Effects/FX_Materials/Mobile/M_AuraCircle_add.M_AuraCircle_add","0","9","1","1","6.853002","0","32"
"/Game/InfinityBladeEffects/Effects/FX_Materials/Mobile/M_AuraCircle.M_AuraCircle","0","18","1","1","11.374421","0","171"
"/Game/InfinityBladeEffects/Effects/FX_Materials/Trails/M_IB_SwipeTrail.M_IB_SwipeTrail","0","27","1","1","16.345465","0","310"
"/Game/InfinityBladeEffects/Effects/FX_Materials/Gradient/M_Add_Unlit_TerminGlow.M_Add_Unlit_TerminGlow","0","18","1","1","11.366362","0","139"
"/Game/InfinityBladeEffects/Effects/FX_Materials/Mobile/M_Glyph_Add_Inner_mobile.M_Glyph_Add_Inner_mobile","0","27","1","1","15.834985","0","317"
"/Game/InfinityBladeEffects/Effects/FX_Materials/Glyph/M_IB_Flash_Add.M_IB_Flash_Add","0","27","1","1","15.761209","0","287"
"/Game/InfinityBladeEffects/Effects/FX_Materials/Glyph/M_IB_Flares_Grid.M_IB_Flares_Grid","0","27","1","1","16.261818","0","311"
"/Game/InfinityBladeEffects/Effects/FX_Materials/Glyph/M_IB_Flares.M_IB_Flares","0","27","1","1","17.771837","0","252"
"/Game/InfinityBladeEffects/Effects/FX_Materials/Mobile/M_HeartHeal_Trans.M_HeartHeal_Trans","0","27","1","1","16.579271","0","355"
"/Game/InfinityBladeEffects/Effects/FX_Materials/Mobile/M_GhostSkull.M_GhostSkull","0","36","2","1","20.823000","0","414"
"/Game/InfinityBladeEffects/Effects/FX_Materials/Mobile/M_ForgeLogo.M_ForgeLogo","0","27","2","1","18.027868","0","363"
"/Game/InfinityBladeEffects/Effects/FX_Materials/Mobile/M_ForgeFail_X.M_ForgeFail_X","0","27","3","1","17.843540","0","347"
"/Game/InfinityBladeEffects/Effects/FX_Materials/Mobile/M_CombatArea_Edge.M_CombatArea_Edge","0","27","2","1","16.560867","0","267"
"/Game/InfinityBladeEffects/Effects/FX_Materials/Mobile/M_Projectile_2Side_01.M_Projectile_2Side_01","0","27","1","1","17.814581","0","149"
"/Game/InfinityBladeEffects/Effects/FX_Materials/Mobile/M_Projectile_01.M_Projectile_01","0","27","1","1","17.914881","0","126"
"/Game/InfinityBladeEffects/Effects/FX_Materials/Mobile/M_Lava_Flowing.M_Lava_Flowing","0","23","2","1","24.553972","0","81"
"/Game/InfinityBladeEffects/Effects/FX_Materials/Mobile/M_FlowingLava_HOT_red_Cool.M_FlowingLava_HOT_red_Cool","0","4","1","1","3.269733","0","13"
"/Game/InfinityBladeEffects/Effects/FX_Materials/Mobile/M_JaggedRockFireBase_MeshEmit.M_JaggedRockFireBase_MeshEmit","0","9","9","1","7.215918","0","11"
"/Game/InfinityBladeEffects/Effects/FX_Materials/Fire/M_JaggedRockFire_MeshEmit_Lit.M_JaggedRockFire_MeshEmit_Lit","0","56","4","1","42.617355","0","227"
"/Game/InfinityBladeEffects/Effects/FX_Materials/Mobile/M_Fire_Trans_subUV.M_Fire_Trans_subUV","0","27","5","1","16.792439","0","115"
"/Game/InfinityBladeEffects/Effects/FX_Materials/Mobile/M_Fire_Add_subUV.M_Fire_Add_subUV","0","27","6","1","16.765564","0","152"
"/Game/InfinityBladeEffects/Effects/FX_Materials/Mobile/M_Fire_Add_2side_subUV.M_Fire_Add_2side_subUV","0","27","10","1","17.770479","0","70"
"/Game/InfinityBladeEffects/Effects/FX_Materials/Mobile/M_Fire_Sprite_01_5x5_SubUV.M_Fire_Sprite_01_5x5_SubUV","0","27","4","1","16.573875","0","68"
"/Game/InfinityBladeEffects/Effects/FX_Materials/Mobile/M_Tornado_Fire_Trans_03.M_Tornado_Fire_Trans_03","0","45","10","1","27.314808","0","115"
"/Game/InfinityBladeEffects/Effects/FX_Materials/Mobile/M_Fire_Trans_DetailMask_2sided.M_Fire_Trans_DetailMask_2sided","0","36","9","1","23.054337","0","105"
"/Game/InfinityBladeEffects/Effects/FX_Materials/Mobile/M_Fire_Trans_Tile_Pan_mobile.M_Fire_Trans_Tile_Pan_mobile","0","36","2","1","22.150156","0","485"
"/Game/InfinityBladeEffects/Effects/FX_Materials/Mobile/M_Fire_Trans_Tile_2sided_MeshEmit.M_Fire_Trans_Tile_2sided_MeshEmit","0","36","2","1","21.154154","0","481"
"/Game/InfinityBladeEffects/Effects/FX_Materials/Mobile/M_Fire_Trans_Tile_2sided.M_Fire_Trans_Tile_2sided","0","36","3","1","21.994272","0","507"
"/Game/InfinityBladeEffects/Effects/FX_Materials/Mobile/M_Fire_Add_Tile_Grey_2Sided_meshEmit.M_Fire_Add_Tile_Grey_2Sided_meshEmit","0","36","4","1","21.546507","0","474"
"/Game/InfinityBladeEffects/Effects/FX_Materials/Mobile/M_Fire_Add_Tile_Grey_2sided.M_Fire_Add_Tile_Grey_2sided","0","36","1","1","22.312576","0","588"
"/Game/InfinityBladeEffects/Effects/FX_Materials/Mobile/M_Fire_Trans_TilePan_2sided_Blue.M_Fire_Trans_TilePan_2sided_Blue","0","27","3","1","17.370003","0","300"
"/Game/InfinityBladeEffects/Effects/FX_Materials/Mobile/M_Fire_Trans_TilePan_2sided_meshEmit_01.M_Fire_Trans_TilePan_2sided_meshEmit_01","0","36","12","1","28.475126","0","311"
"/Game/InfinityBladeEffects/Effects/FX_Materials/Mobile/M_Fire_Trans_TilePan_2sided_meshEmit.M_Fire_Trans_TilePan_2sided_meshEmit","0","27","27","1","18.104357","0","52"
"/Game/MSPresets/M_MS_ImperfectionDecal_Material_VT/M_MS_ImperfectionDecal_Material_VT.M_MS_ImperfectionDecal_Material_VT","0","27","5","1","35.906269","27","135"
"/Game/LevelPrototyping/Materials/M_PrototypeGrid.M_PrototypeGrid","0","23","70","4","24.513765","0","196"
"/Game/InfinityBladeEffects/Effects/FX_Materials/Mobile/M_Fire_Trans_TilePan_2sided.M_Fire_Trans_TilePan_2sided","0","36","5","1","23.279322","0","382"
"/Game/InfinityBladeEffects/Effects/FX_Materials/Mobile/M_Fire_Add_Tile_2Sided.M_Fire_Add_Tile_2Sided","0","36","2","1","23.461290","0","339"
"/Game/InfinityBladeEffects/Effects/FX_Materials/Mobile/M_Fire_Add_DetailMask_meshEmit.M_Fire_Add_DetailMask_meshEmit","0","36","3","1","23.347473","0","273"
"/Game/M5VFXVOL2/Materials/Master/Seq_Disort_Mat_test.Seq_Disort_Mat_test","0","144","12","1","123.362953","0","1650"
"/Game/InfinityBladeEffects/Effects/FX_Materials/Fire/M_Fire_Trans_TilePan_2sided_meshEmit_02.M_Fire_Trans_TilePan_2sided_meshEmit_02","0","18","18","1","11.564141","0","31"
"/Game/InfinityBladeEffects/Effects/FX_Materials/Mobile/M_Fire_Add_subUV_2.M_Fire_Add_subUV_2","0","27","1","1","17.006384","0","157"
"/Game/InfinityBladeEffects/Effects/FX_Materials/Mobile/M_Tornado_Fire_Trans.M_Tornado_Fire_Trans","0","36","2","1","23.538727","0","229"
"/Bridge/MSPresets/M_MS_Decal_Material/M_MS_Decal_Material.M_MS_Decal_Material","0","0","27","1","0.000000","0","27"
"/Game/M5VFXVOL2/Demo/Materials/BG_Grid_Mat.BG_Grid_Mat","0","138","9","1","142.318283","0","5734"
"/Game/MSPresets/M_MS_Decal_Material_VT/M_MS_Decal_Material_VT.M_MS_Decal_Material_VT","0","27","1","1","27.147770","27","579"
"/Game/InfinityBladeEffects/Effects/FX_Materials/Mobile/M_Tornado_Fire_Add.M_Tornado_Fire_Add","0","36","3","1","23.343462","0","330"
"/Game/InfinityBladeEffects/Effects/FX_Materials/Mobile/M_Skill_Vortex_Fire_01.M_Skill_Vortex_Fire_01","0","9","9","1","7.604760","0","13"
"/Bridge/MSPresets/M_MS_SurfaceBlend_Material/M_MS_SurfaceBlend_Material.M_MS_SurfaceBlend_Material","0","0","14","1","0.000000","0","0"
"/Bridge/MSPresets/M_MS_ImperfectionDecal_Material/M_MS_ImperfectionDecal_Material.M_MS_ImperfectionDecal_Material","0","0","27","1","0.000000","0","27"
"/Game/InfinityBladeEffects/Effects/FX_Materials/Mobile/M_FireWall_Add.M_FireWall_Add","0","36","1","1","22.525673","0","209"
"/Game/InfinityBladeEffects/Effects/FX_Materials/Mobile/M_FireSword_Add_mobile.M_FireSword_Add_mobile","0","45","3","1","26.732359","0","417"
"/Game/InfinityBladeEffects/Effects/FX_Materials/Mobile/M_FireBlast_Add_VertexAnim_2sided.M_FireBlast_Add_VertexAnim_2sided","0","27","5","1","18.171305","0","137"
"/Game/InfinityBladeEffects/Effects/FX_Materials/Mobile/M_FireBlast_Add_FireBall_MeshEmit.M_FireBlast_Add_FireBall_MeshEmit","0","36","6","1","22.005663","0","354"
"/Game/InfinityBladeEffects/Effects/FX_Materials/Mobile/M_FireBlast_Add_FireBall.M_FireBlast_Add_FireBall","0","36","3","1","21.926874","0","274"
"/Game/InfinityBladeEffects/Effects/FX_Materials/Mobile/M_FireBlast_Add_2sided_meshEmit.M_FireBlast_Add_2sided_meshEmit","0","45","7","1","27.520866","0","300"
"/Game/MSPresets/M_MS_Surface_Material_VT/M_MS_Surface_Material_VT.M_MS_Surface_Material_VT","0","14","3","1","14.475239","0","39"
"/Game/MSPresets/M_MS_Default_Fuzz_Material_VT/M_MS_Default_Fuzz_Material_VT.M_MS_Default_Fuzz_Material_VT","0","14","2","1","15.584576","0","79"
"/Bridge/MSPresets/M_MS_Surface_Material/M_MS_Surface_Material.M_MS_Surface_Material","0","0","14","1","0.000000","0","0"
"/Game/MSPresets/M_MS_Default_Transmission_Material_VT/M_MS_Default_Transmission_Material_VT.M_MS_Default_Transmission_Material_VT","0","14","1","1","14.090522","0","72"
"/Game/InfinityBladeEffects/Effects/FX_Materials/M_GoldBag.M_GoldBag","0","28","2","1","23.780373","0","204"
"/Bridge/MSPresets/M_MS_Default_Transmission_Material/M_MS_Default_Transmission_Material.M_MS_Default_Transmission_Material","0","0","14","1","0.000000","0","0"
"/Bridge/MSPresets/M_MS_Default_Fuzz_Material/M_MS_Default_Fuzz_Material.M_MS_Default_Fuzz_Material","0","0","14","1","0.000000","0","0"
"/Game/FPWeapon/Materials/M_EnemyGun.M_EnemyGun","0","56","1","1","51.705105","0","660"
"/Game/InfinityBladeEffects/Effects/FX_Materials/Mobile/M_LeafFlip_Masked.M_LeafFlip_Masked","0","17","1","1","14.951564","0","148"
"/Game/InfinityBladeEffects/Effects/FX_Materials/Mobile/M_CrackedGround_Trans.M_CrackedGround_Trans","0","27","4","1","17.957539","0","253"
"/Bridge/MSPresets/M_MS_Foliage_Material/M_MS_Foliage_Material.M_MS_Foliage_Material","0","0","31","1","0.000000","0","0"
"/Game/InfinityBladeEffects/Effects/FX_Materials/Mobile/M_CrackedGroundPoison_Trans.M_CrackedGroundPoison_Trans","0","27","8","1","18.602144","0","137"
"/Engine/EngineMaterials/PPM_DefaultCalibrationGrayscale.PPM_DefaultCalibrationGrayscale","0","0","6","1","0.000000","0","0"
"/Engine/EngineMaterials/PPM_DefaultCalibrationColor.PPM_DefaultCalibrationColor","0","0","6","1","0.000000","0","0"
"/Game/M5VFXVOL2/Materials/Master/LightColor_Mat.LightColor_Mat","0","43","8","1","25.230988","0","460"
"/Game/InfinityBladeEffects/Effects/FX_Materials/Mobile/M_CrackedGroundIce_Trans.M_CrackedGroundIce_Trans","0","27","8","1","16.295460","0","167"
"/Game/InfinityBladeEffects/Effects/FX_Materials/Mobile/M_CrackedGroundFire_Trans.M_CrackedGroundFire_Trans","0","27","1","1","15.104438","0","157"
"/Game/InfinityBladeEffects/Effects/FX_Materials/Trails/M_Trail_Lightning_01.M_Trail_Lightning_01","0","18","5","1","10.831610","0","95"
"/Game/InfinityBladeEffects/Effects/FX_Materials/Mobile/M_BlobShadow_01.M_BlobShadow_01","0","9","7","1","6.249714","0","26"
"/Game/M5VFXVOL2/Materials/Master/Basic_Emi_Mat.Basic_Emi_Mat","0","120","7","1","95.593834","0","2469"
"/Game/M5VFXVOL2/Materials/Master/Single_Disort_W_Mat.Single_Disort_W_Mat","0","191","1","1","163.762756","0","3714"
"/Game/M5VFXVOL2/Materials/Master/Sequence_Mat.Sequence_Mat","0","144","1","1","119.749321","0","2269"
"/Game/M5VFXVOL2/Props/Materials/Grass_Mat.Grass_Mat","0","42","4","1","42.496735","0","336"
